path,group,file,ext,width,height,mean_gray,std_gray,dynamic_range_p95_p5,edge_density_20,edge_density_35,lap_var,border_mean,border_std,border_cv,border_dynamic_range,bright_ratio_245,dark_ratio_20
Image_projet_money/data/images/gp1/18.png,gp1,18.png,.png,4032,3024,156.29071044921875,41.1908073425293,147.0019989013672,0.04618024389539767,0.023190960411942557,91.91081237792969,167.44886779785156,18.998764038085938,0.11346009255208413,63.21299743652344,7.381424792139078e-06,0.003081088724069875
Image_projet_money/data/images/gp1/19.png,gp1,19.png,.png,4032,3024,150.7027130126953,40.8282470703125,134.79100036621094,0.015276022638993868,0.005613901617745864,18.966123580932617,162.67587280273438,30.886262893676758,0.1898638216075863,85.0,0.0,0.0013713867105484168
Image_projet_money/data/images/gp1/20.png,gp1,20.png,.png,4032,3024,150.22593688964844,42.32402038574219,148.42699813842773,0.046889106722936086,0.01994789042160074,43.115806579589844,161.9486083984375,21.193035125732422,0.13086271833587979,66.04300689697266,0.00013934489690938103,0.0028907299802637103
Image_projet_money/data/images/gp1/21.png,gp1,21.png,.png,4032,3024,153.1709747314453,37.91973876953125,131.37000274658203,0.03974979266397917,0.01984036766712858,86.02193450927734,160.2844696044922,28.498451232910156,0.17779920477156103,89.4729995727539,6.635080729822793e-05,0.002126424450953221
Image_projet_money/data/images/gp1/22.png,gp1,22.png,.png,4284,5712,96.6911392211914,40.97909164428711,126.96300506591797,0.2385512620080712,0.09715430289762964,66.18977355957031,96.2235107421875,40.336334228515625,0.4191941648916669,123.20301055908203,0.0012540964098057524,0.003985908088725686
Image_projet_money/data/images/gp1/23.png,gp1,23.png,.png,4284,5712,73.47222900390625,45.0504035949707,143.2719955444336,0.09173113689920413,0.021684695119878018,27.171415328979492,69.79529571533203,41.01013946533203,0.5875774154263419,128.91000366210938,0.0011711383899965216,0.08244339402427638
Image_projet_money/data/images/gp1/24.png,gp1,24.png,.png,5712,4284,76.72256469726562,31.513427734375,105.55500030517578,0.08611598234064868,0.02040603823228638,33.509822845458984,70.21595001220703,19.604297637939453,0.2792000625859402,62.22600173950195,0.0010247563077518589,0.004758725385579068
Image_projet_money/data/images/gp1/25.png,gp1,25.png,.png,3024,4032,101.61092376708984,38.86897659301758,148.3509979248047,0.29608830414882004,0.09624082078819182,155.73464965820312,100.40113067626953,37.96726608276367,0.3781557620619255,148.28300857543945,0.0029040985607205845,0.0002902540259931133
Image_projet_money/data/images/gp1/26.jpg,gp1,26.jpg,.jpg,3024,4032,125.11405944824219,40.105438232421875,141.85700225830078,0.03397374574829932,0.011072465251532711,75.4743881225586,141.2091064453125,23.21937370300293,0.16443255174902854,67.78899383544922,0.00021767001553707902,0.025059363058495
Image_projet_money/data/images/gp1/27.jpg,gp1,27.jpg,.jpg,3024,4032,120.52513122558594,42.48991012573242,151.15601348876953,0.025525294994541026,0.007016372328252289,60.122398376464844,139.2230224609375,21.165014266967773,0.1520223731165307,64.14799499511719,6.815515558075082e-05,0.06578243758923323
Image_projet_money/data/images/gp1/28.jpg,gp1,28.jpg,.jpg,3024,4032,130.27818298339844,29.717662811279297,96.12000274658203,0.011788299424708154,0.002085088472117242,47.245704650878906,138.6786651611328,23.695138931274414,0.17086362133456273,71.01699829101562,3.288834824053078e-05,0.01293586493239271
Image_projet_money/data/images/gp1/29.jpg,gp1,29.jpg,.jpg,3024,4032,126.0584945678711,38.267127990722656,141.39500999450684,0.009118356061560426,0.002460885009868145,39.47079849243164,143.7984161376953,22.995798110961914,0.15991690818723694,74.8600082397461,8.783895502645502e-05,0.022744384212018142
Image_projet_money/data/images/gp1/30.jpg,gp1,30.jpg,.jpg,3024,4032,157.0099639892578,37.53434753417969,126.99998474121094,0.07455403071722516,0.021663005479969764,151.72073364257812,157.96676635742188,39.34538269042969,0.24907379949403574,134.00000762939453,0.0016404806521373983,0.0002523627120601327
Image_projet_money/data/images/gp1/31.jpg,gp1,31.jpg,.jpg,3024,4032,155.49612426757812,42.027374267578125,128.40199279785156,0.06227298017972621,0.01479713220164609,99.26217651367188,152.89476013183594,48.750709533691406,0.3188514079335049,147.0430030822754,0.0008099063313597044,6.044566746451667e-05
Image_projet_money/data/images/gp2/1.jpeg,gp2,1.jpeg,.jpeg,1837,1751,76.50737762451172,35.046112060546875,112.70599365234375,0.2877674379707435,0.08255613791885623,245.2355194091797,64.2913589477539,19.555892944335938,0.3041760706944762,50.3589973449707,0.00011533964416320778,0.010443989234552026
Image_projet_money/data/images/gp2/10.jpeg,gp2,10.jpeg,.jpeg,2048,1880,135.75607299804688,41.0940055847168,129.9600067138672,0.04902759308510638,0.0210942694481383,54.89341354370117,155.0161895751953,11.631166458129883,0.07503194659863467,30.712005615234375,2.3894614361702128e-05,0.0028426799368351063
Image_projet_money/data/images/gp2/11.jpeg,gp2,11.jpeg,.jpeg,1462,1504,88.38677978515625,33.800941467285156,102.71500015258789,0.20131632563960766,0.10478123089908897,553.1640014648438,81.59738159179688,24.094011306762695,0.2952792214252241,74.02899932861328,0.0025722560176965393,0.0015057884856070087
Image_projet_money/data/images/gp2/12.jpeg,gp2,12.jpeg,.jpeg,1591,1640,73.73765563964844,19.74382209777832,51.04599380493164,0.07092716653125047,0.03505503518265855,239.81253051757812,72.22164916992188,5.3894758224487305,0.07462410349794786,6.63800048828125,0.0019691557694960986,0.0005974919900047523
Image_projet_money/data/images/gp2/13.jpeg,gp2,13.jpeg,.jpeg,1939,1965,77.35867309570312,31.297893524169922,93.04900741577148,0.19245433560753097,0.09986496541461129,548.1574096679688,75.24881744384766,20.380754470825195,0.2708448473098434,48.256996154785156,0.002350047964179747,0.0023316759117459093
Image_projet_money/data/images/gp2/14.jpeg,gp2,14.jpeg,.jpeg,2048,1834,73.93375396728516,24.409297943115234,70.06500244140625,0.07114209889585606,0.034996240713604146,169.53085327148438,70.00130462646484,2.718796730041504,0.03883922941935613,7.3690032958984375,0.0025324597873500544,0.0014834804389312977
Image_projet_money/data/images/gp2/15.jpeg,gp2,15.jpeg,.jpeg,1594,1844,76.88225555419922,30.056856155395508,85.89199829101562,0.15684052452662778,0.08629499995917446,627.088623046875,74.09510040283203,13.870769500732422,0.187202249883209,17.862003326416016,0.0036984543447907965,0.002897933410811149
Image_projet_money/data/images/gp2/2.jpeg,gp2,2.jpeg,.jpeg,1462,2048,59.52098846435547,27.167675018310547,86.1419906616211,0.6142855329813611,0.31667376934422026,1081.84033203125,51.04667282104492,18.672103881835938,0.36578493464784684,60.10300636291504,4.4753548221614226e-05,0.020911930360807112
Image_projet_money/data/images/gp2/3.jpeg,gp2,3.jpeg,.jpeg,2048,1310,65.17443084716797,37.099788665771484,121.83099365234375,0.6425155057251909,0.36330025942270994,616.1878662109375,55.20159149169922,24.434398651123047,0.44263938757630383,79.34199905395508,8.274689885496183e-05,0.054945804508587784
Image_projet_money/data/images/gp2/4.jpeg,gp2,4.jpeg,.jpeg,2048,1850,103.18765258789062,34.2144775390625,111.73300552368164,0.1348411106418919,0.031915382179054055,92.08489227294922,101.39813995361328,28.398948669433594,0.2800736648860156,87.98899841308594,0.00018660261824324323,0.006534786739864865
Image_projet_money/data/images/gp2/5.jpeg,gp2,5.jpeg,.jpeg,1220,864,130.9726104736328,48.34321212768555,135.6179962158203,0.07899874772313296,0.0430887598664238,71.18057250976562,158.02191162109375,18.59222412109375,0.11765598789663005,35.30499267578125,9.486945962355799e-07,0.0016715998785670916
Image_projet_money/data/images/gp2/6.jpeg,gp2,6.jpeg,.jpeg,2048,1744,119.01365661621094,54.79182815551758,160.14600372314453,0.07961980137256307,0.039253724824397936,68.36280059814453,156.14688110351562,37.84648513793945,0.24237746454154022,119.0857925415039,0.001462043972190367,0.003332015571244266
Image_projet_money/data/images/gp2/7.jpeg,gp2,7.jpeg,.jpeg,1900,2048,130.2022705078125,51.02376937866211,143.77600479125977,0.07552194695723684,0.038316971628289474,63.51936340332031,165.07147216796875,20.24242401123047,0.12262823942487626,45.712005615234375,0.0007894736842105263,0.001669921875
Image_projet_money/data/images/gp2/8.jpeg,gp2,8.jpeg,.jpeg,1536,2048,143.5109405517578,31.111026763916016,105.77799987792969,0.034797350565592446,0.02102057139078776,140.91323852539062,145.8574676513672,27.1817569732666,0.18635834977086835,70.55500030517578,4.9273173014322914e-05,0.0002253850301106771
Image_projet_money/data/images/gp2/9.jpeg,gp2,9.jpeg,.jpeg,1826,2048,145.07579040527344,49.33334732055664,147.97199249267578,0.05225170925177985,0.026806533663061335,81.48857116699219,162.0032958984375,27.365026473999023,0.16891647989158567,75.94600677490234,0.00020269287376779846,0.0016728847207009858
Image_projet_money/data/images/gp3/3_1.jpg,gp3,3_1.jpg,.jpg,1536,2048,84.14702606201172,30.07868003845215,78.39199829101562,0.1696770985921224,0.05083592732747396,514.7301635742188,76.22660827636719,21.71162223815918,0.284829965927928,66.53899765014648,0.0016511281331380208,0.00019327799479166666
Image_projet_money/data/images/gp3/3_10.jpg,gp3,3_10.jpg,.jpg,4032,3024,165.8919677734375,34.230472564697266,110.8270034790039,0.07459561274355421,0.018322090603216594,38.58684158325195,174.83212280273438,20.154191970825195,0.11527739666906328,61.23899841308594,0.00020216902347358696,2.1488147728227093e-05
Image_projet_money/data/images/gp3/3_2.jpg,gp3,3_2.jpg,.jpg,1536,2048,92.03802490234375,37.0633430480957,109.94099807739258,0.3743651707967122,0.1534897486368815,1436.48388671875,83.98096466064453,26.549854278564453,0.31614133495428093,75.40299224853516,0.004205385843912761,0.0008742014567057291
Image_projet_money/data/images/gp3/3_3.jpg,gp3,3_3.jpg,.jpg,1536,2048,84.14702606201172,30.07868003845215,78.39199829101562,0.1696770985921224,0.05083592732747396,514.7301635742188,76.22660827636719,21.71162223815918,0.284829965927928,66.53899765014648,0.0016511281331380208,0.00019327799479166666
Image_projet_money/data/images/gp3/3_4.jpg,gp3,3_4.jpg,.jpg,1536,2048,83.03679656982422,29.897375106811523,75.80799865722656,0.2311534881591797,0.07643381754557292,706.477783203125,79.11766815185547,20.74515724182129,0.26220637850453093,65.43199920654297,0.001224835713704427,0.0002943674723307292
Image_projet_money/data/images/gp3/3_5.jpg,gp3,3_5.jpg,.jpg,4032,3024,165.90330505371094,32.1508674621582,104.69800567626953,0.0855779425967918,0.023087620464852607,45.991641998291016,170.9502410888672,21.64173698425293,0.12659670349925178,67.12397766113281,0.00018748818972033257,4.8717403628117916e-05
Image_projet_money/data/images/gp3/3_6.jpg,gp3,3_6.jpg,.jpg,4032,3024,62.864051818847656,48.799964904785156,168.49200630187988,0.08375046584992021,0.01494254627005123,62.158164978027344,50.10838317871094,36.30801010131836,0.7245895356836057,70.90800094604492,0.028932560678592425,0.04490801432455698
Image_projet_money/data/images/gp3/3_7.jpg,gp3,3_7.jpg,.jpg,4032,3024,95.26727294921875,49.676334381103516,162.1180076599121,0.08435377430293105,0.0161457185111699,53.40561294555664,85.8654556274414,54.0280647277832,0.6292177026603535,188.08900833129883,0.01595330937158814,0.003157281431090955
Image_projet_money/data/images/gp3/3_8.jpg,gp3,3_8.jpg,.jpg,4032,3024,75.43360900878906,48.257102966308594,154.0900115966797,0.13936449869299572,0.04675419068090199,124.81999969482422,59.46592712402344,46.41288757324219,0.7804954840179731,146.00800132751465,0.006867677626606198,0.05192217222537163
Image_projet_money/data/images/gp3/3_9.jpg,gp3,3_9.jpg,.jpg,4032,3024,164.6744842529297,30.451160430908203,100.46400451660156,0.06462634243512219,0.01592911470143613,50.32432556152344,172.25125122070312,17.107776641845703,0.0993187365584111,52.91400146484375,0.0002230010445536239,9.513836398757034e-06
Image_projet_money/data/images/gp4/1.jpg,gp4,1.jpg,.jpg,4000,2252,184.95761108398438,22.766019821166992,46.31999206542969,0.04806827264653641,0.012883436944937833,96.84002685546875,183.17640686035156,12.398871421813965,0.0676881462756637,40.80401611328125,0.0008992007104795737,0.0007171403197158082
Image_projet_money/data/images/gp4/10.jpg,gp4,10.jpg,.jpg,4000,2252,165.28099060058594,29.15873146057129,91.3239974975586,0.4690341918294849,0.1591813943161634,377.94110107421875,165.33096313476562,21.959829330444336,0.13282345251049132,66.72900390625,0.0029501554174067497,0.0007935168738898757
Image_projet_money/data/images/gp4/2.jpg,gp4,2.jpg,.jpg,4000,2252,180.6276397705078,28.68311882019043,79.53114318847656,0.043075266429840144,0.017252886323268206,104.5395278930664,180.79196166992188,14.195724487304688,0.07851966622953244,45.28800964355469,0.0013562388987566607,0.0009428285968028419
Image_projet_money/data/images/gp4/3.jpg,gp4,3.jpg,.jpg,4000,2252,175.1937255859375,31.26801109313965,105.17601013183594,0.0677723134991119,0.026168405861456485,151.12652587890625,176.36610412597656,14.797151565551758,0.08390020088543941,48.96099853515625,0.0013869893428063943,0.001956816163410302
Image_projet_money/data/images/gp4/4.jpg,gp4,4.jpg,.jpg,4000,2252,163.43508911132812,32.68185806274414,112.15201568603516,0.07352886323268205,0.034918627886323265,168.73489379882812,167.3065643310547,16.07944679260254,0.09610768625184149,49.63398742675781,0.001627886323268206,0.0021555284191829486
Image_projet_money/data/images/gp4/5.jpg,gp4,5.jpg,.jpg,4000,2252,169.6547393798828,32.326541900634766,108.73699188232422,0.06947546625222024,0.03372213587921847,144.54603576660156,173.3945770263672,11.327016830444336,0.065325092772203,37.44499206542969,0.0016780639431616341,0.0020566163410301952
Image_projet_money/data/images/gp4/6.jpg,gp4,6.jpg,.jpg,4000,2252,168.30824279785156,31.359027862548828,106.1090087890625,0.07860912522202487,0.03502264653641208,167.08090209960938,172.59791564941406,9.357513427734375,0.05421568037207141,31.031982421875,0.0012799733570159858,0.0020387433392539964
Image_projet_money/data/images/gp4/7.jpg,gp4,7.jpg,.jpg,4000,2252,167.51242065429688,31.518573760986328,108.14601135253906,0.06802120337477797,0.03513854351687389,151.8220977783203,169.6533660888672,17.384502410888672,0.10247071904121482,43.96099853515625,0.0013838809946714033,0.0018938721136767319
Image_projet_money/data/images/gp4/8.jpg,gp4,8.jpg,.jpg,4000,2252,168.08810424804688,34.36775207519531,116.68600463867188,0.0879494893428064,0.04697269094138543,214.7979278564453,172.95263671875,15.443845748901367,0.08929523158421487,41.928985595703125,0.0021395426287744226,0.0030790408525754884
Image_projet_money/data/images/gp4/9.jpg,gp4,9.jpg,.jpg,4000,2252,168.52581787109375,28.455881118774414,85.16300964355469,0.5311090142095914,0.20064631438721137,441.8694152832031,167.8085479736328,22.015796661376953,0.13119591896377186,70.84298706054688,0.0020876998223801064,0.0009849023090586146
Image_projet_money/data/images/gp5/0.jpeg,gp5,0.jpeg,.jpeg,1530,2040,143.66578674316406,25.569786071777344,79.93501281738281,0.030852556708958093,0.01885524798154556,101.11360168457031,145.20986938476562,21.05061149597168,0.14496680966080505,61.907012939453125,5.3184672561835195e-05,2.4029219530949635e-05
Image_projet_money/data/images/gp5/1.jpeg,gp5,1.jpeg,.jpeg,1530,2040,141.3231964111328,28.0139217376709,90.19800567626953,0.04253428168653082,0.022755670895809304,65.96846008300781,147.21046447753906,21.413002014160156,0.14545842301467155,62.433998107910156,3.011662181212354e-05,7.368960656157888e-06
Image_projet_money/data/images/gp5/10.jpg,gp5,10.jpg,.jpg,1441,2560,143.056396484375,45.19438552856445,140.7599868774414,0.384575327463567,0.24013516004510757,1109.138427734375,141.1851806640625,45.92368698120117,0.3252727146376111,138.71600341796875,0.00030577723802914644,0.0015310548230395558
Image_projet_money/data/images/gp5/11.jpg,gp5,11.jpg,.jpg,2560,1441,139.3714599609375,38.025272369384766,123.95100402832031,0.29700132286606523,0.12943187239764053,707.9010620117188,142.0929412841797,41.75638198852539,0.2938666876140909,126.03500366210938,3.8222154753643305e-05,7.3191360166551e-05
Image_projet_money/data/images/gp5/12.jpg,gp5,12.jpg,.jpg,1441,2560,160.890625,29.476028442382812,90.38899993896484,0.06142517132199861,0.037978454632199864,264.24444580078125,157.1286163330078,25.040971755981445,0.15936608073294106,82.71199798583984,0.0004516178001387925,6.207711658570437e-05
Image_projet_money/data/images/gp5/13.jpg,gp5,13.jpg,.jpg,1441,2560,151.7825164794922,50.94711685180664,154.0270004272461,0.23472469205412907,0.1246752472241499,853.5458984375,158.4132843017578,48.06620407104492,0.30342281130593013,159.0900001525879,0.001579035825815406,0.001009498612074948
Image_projet_money/data/images/gp5/14.jpg,gp5,14.jpg,.jpg,1441,2560,92.6643295288086,49.649505615234375,165.1379852294922,0.6523028170541291,0.4245012144344205,1434.609619140625,89.24610137939453,51.07468032836914,0.5722903246075178,181.31998443603516,0.0004936350624566273,0.017497343424705065
Image_projet_money/data/images/gp5/15.jpg,gp5,15.jpg,.jpg,1441,2560,143.0642852783203,48.58819580078125,155.1380157470703,0.5132500759021513,0.3582380942054129,5173.90234375,135.8173828125,47.514305114746094,0.3498396459335476,152.5660057067871,0.0006091147640527411,0.0016283722241498958
Image_projet_money/data/images/gp5/16.jpg,gp5,16.jpg,.jpg,1441,2560,147.3629913330078,54.856868743896484,177.33801651000977,0.7201647618841083,0.5316509260062456,4265.51171875,152.82611083984375,51.10643005371094,0.3344090206369815,167.76955032348633,0.009799509888965996,0.006799748438584317
Image_projet_money/data/images/gp5/17.jpg,gp5,17.jpg,.jpg,1441,2560,140.97340393066406,56.4804573059082,184.8110008239746,0.08556015787647467,0.05268178565232477,390.5219421386719,123.65959167480469,62.88517761230469,0.5085345726975854,196.44500350952148,0.0007796235253296322,0.03917255811936155
Image_projet_money/data/images/gp5/18.jpg,gp5,18.jpg,.jpg,3072,4096,154.06283569335938,33.432403564453125,126.91200256347656,0.07876102129618327,0.03202056884765625,162.32301330566406,157.975341796875,21.799476623535156,0.13799290683963175,65.91799926757812,0.0003662109375,4.847844441731771e-05
Image_projet_money/data/images/gp5/19.jpg,gp5,19.jpg,.jpg,3072,4096,142.9128875732422,45.42118453979492,145.5329933166504,0.0781415303548177,0.02877918879191081,96.7349624633789,166.93202209472656,21.072477340698242,0.12623388296788582,65.64701843261719,0.00019939740498860678,0.0003421306610107422
Image_projet_money/data/images/gp5/2.jpeg,gp5,2.jpeg,.jpeg,1530,2040,144.2958526611328,26.881526947021484,79.44500732421875,0.04734461104703319,0.029752979623221838,174.39259338378906,146.43255615234375,18.826602935791016,0.12856842378824843,56.05323791503906,0.00018005895168524927,0.00014289375881071384
Image_projet_money/data/images/gp5/20.jpg,gp5,20.jpg,.jpg,3264,2448,138.3021697998047,40.135433197021484,145.96100234985352,0.052334764073112904,0.021863210664167628,30.542171478271484,143.44406127929688,22.20718765258789,0.1548142701380209,63.97200012207031,9.561626938357042e-05,0.0033520761245674742
Image_projet_money/data/images/gp5/21.jpg,gp5,21.jpg,.jpg,2448,3264,145.5447540283203,36.09521484375,136.5659942626953,0.034056788054274,0.014441185481545559,23.88343048095703,137.86761474609375,33.21875762939453,0.24094677847710955,126.85399627685547,0.00017433699378444187,0.0003049958749839805
Image_projet_money/data/images/gp5/22.jpg,gp5,22.jpg,.jpg,3072,4096,142.4281005859375,49.659854888916016,151.54500198364258,0.06915966669718425,0.026628494262695312,57.80672073364258,170.7323760986328,24.93829345703125,0.14606657522662422,77.69500732421875,0.000694115956624349,0.00045490264892578125
Image_projet_money/data/images/gp5/23.jpg,gp5,23.jpg,.jpg,3072,4096,140.2070770263672,41.78083801269531,143.48300552368164,0.1257916291554769,0.056374311447143555,260.4918212890625,145.89845275878906,19.625228881835938,0.13451293355579258,59.6300048828125,0.0007999738057454427,0.0006117026011149088
Image_projet_money/data/images/gp5/24.jpg,gp5,24.jpg,.jpg,1280,1706,145.2122039794922,51.70037078857422,153.97299575805664,0.12793815943728018,0.0617769087045721,295.75262451171875,167.0608367919922,36.07870864868164,0.21596149846659346,147.82500457763672,1.923358733880422e-05,0.00015753223915592027
Image_projet_money/data/images/gp5/3.jpeg,gp5,3.jpeg,.jpeg,1530,2040,142.42759704589844,34.49256896972656,118.99501037597656,0.03602716903754966,0.020363001409714213,89.82160949707031,149.35671997070312,32.00794219970703,0.21430533695427637,102.46599578857422,0.0003492246571831347,5.7670126874279126e-06
Image_projet_money/data/images/gp5/4.jpeg,gp5,4.jpeg,.jpeg,1530,2040,143.7877197265625,27.229496002197266,79.12400817871094,0.021486928104575163,0.009044918621043188,32.45775604248047,149.4198455810547,22.979337692260742,0.15379039914611148,68.1729965209961,6.407791874919903e-07,5.414584134307318e-05
Image_projet_money/data/images/gp5/5.jpeg,gp5,5.jpeg,.jpeg,1530,2040,144.32177734375,24.371997833251953,73.38199615478516,0.02717448417275407,0.014097782904011277,42.514278411865234,147.02098083496094,23.7965087890625,0.16185791071395025,72.67901611328125,1.4737921312315777e-05,1.1854414968601819e-05
Image_projet_money/data/images/gp5/6.jpeg,gp5,6.jpeg,.jpeg,1530,2040,141.05181884765625,31.52931022644043,100.84599304199219,0.05977893118031526,0.03111912085095476,98.62306213378906,146.30242919921875,26.971202850341797,0.1843523924925084,80.35200500488281,0.00011469947456106626,8.330129437395874e-06
Image_projet_money/data/images/gp5/7.jpg,gp5,7.jpg,.jpg,3000,4000,183.98655700683594,28.15848159790039,82.08799743652344,0.06290658333333334,0.028497083333333333,49.682281494140625,191.08807373046875,14.303717613220215,0.07485405726259883,46.910003662109375,0.0023678333333333333,0.0043570833333333335
Image_projet_money/data/images/gp5/8.jpg,gp5,8.jpg,.jpg,1500,2000,142.6916046142578,27.822525024414062,107.53300476074219,0.018122666666666665,0.006737,22.789695739746094,152.24920654296875,12.466163635253906,0.08187999082764104,43.47300720214844,3.3333333333333335e-07,0.0
Image_projet_money/data/images/gp5/9.jpg,gp5,9.jpg,.jpg,4000,3000,159.9722900390625,49.52901840209961,156.84400177001953,0.027786916666666668,0.009325666666666666,28.94540786743164,167.46536254882812,46.87810516357422,0.2799271709091837,133.77101135253906,4.65e-05,0.0011676666666666667
Image_projet_money/data/images/gp6/60.jpg,gp6,60.jpg,.jpg,920,1178,149.70639038085938,42.25392532348633,125.21624755859375,0.06780468000295269,0.0343230973647302,176.23187255859375,166.2381591796875,23.489620208740234,0.1413010125030933,69.10375213623047,1.9376983834059202e-05,0.00012733446519524617
Image_projet_money/data/images/gp6/61.jpg,gp6,61.jpg,.jpg,2686,2434,146.86024475097656,36.70550537109375,119.74798583984375,0.0677202035448422,0.03192946046667005,87.64527893066406,152.07977294921875,18.026763916015625,0.11853492128788867,27.860000610351562,0.001661434468631591,0.00017284302610510936
Image_projet_money/data/images/gp6/62.jpg,gp6,62.jpg,.jpg,2194,2440,160.47586059570312,34.97615432739258,118.24300384521484,0.07483561725719921,0.036900936981633964,147.52980041503906,167.79136657714844,18.824560165405273,0.11219027861454343,38.625,5.753395998027407e-05,6.351151426393891e-06
Image_projet_money/data/images/gp6/63.jpg,gp6,63.jpg,.jpg,1770,2532,149.2603302001953,36.91499328613281,118.02499771118164,0.12498505011558268,0.07020911987575977,302.48052978515625,156.86297607421875,12.517589569091797,0.07979951600031594,23.917999267578125,0.0068037593380994455,0.0006381592452762828
Image_projet_money/data/images/gp6/64.jpg,gp6,64.jpg,.jpg,1678,3328,149.3525848388672,27.96054458618164,95.02870178222656,0.09783908126661776,0.05969091667048684,248.36476135253906,152.3696746826172,8.13569164276123,0.05339442812165678,21.2559814453125,0.0005798311863940589,0.0002943923627028514
Image_projet_money/data/images/gp6/65.jpg,gp6,65.jpg,.jpg,1790,2922,147.1998291015625,29.71237564086914,100.14299011230469,0.09466750025810744,0.05474095572405829,229.87144470214844,151.69996643066406,13.96595573425293,0.09206301136946002,19.956985473632812,0.0005976621201518819,0.00024070908805861143
Image_projet_money/data/images/gp6/66.jpg,gp6,66.jpg,.jpg,1540,1950,141.9972381591797,30.672176361083984,105.58900451660156,0.09137096237096237,0.05348651348651349,195.68992614746094,148.93336486816406,11.905131340026855,0.07993595894758228,28.212997436523438,0.0003583083583083583,0.0004202464202464202
Image_projet_money/data/images/gp6/67.jpg,gp6,67.jpg,.jpg,3464,2750,46.1435546875,34.642642974853516,117.20900344848633,0.026683077892084822,0.010984568549233676,25.20760726928711,32.92139434814453,13.027997016906738,0.3957304140625199,23.748003005981445,0.0003021205122821751,0.013341276506403528
Image_projet_money/data/images/gp6/68.jpg,gp6,68.jpg,.jpg,2432,3304,55.6549186706543,48.04829025268555,152.17001342773438,0.024864573045431375,0.00893018928412132,31.945343017578125,38.991947174072266,27.22637367248535,0.6982563233105106,31.829998016357422,0.0010791096517777494,0.012586169475595769
Image_projet_money/data/images/gp6/69.jpg,gp6,69.jpg,.jpg,3000,3392,50.130271911621094,44.72088623046875,150.16000366210938,0.02906014150943396,0.01095568003144654,85.55673217773438,30.58633041381836,8.222667694091797,0.2688347239712333,27.12900161743164,0.0003773584905660377,0.06949744496855347
Image_projet_money/data/images/gp7/gp7_01.webp,gp7,gp7_01.webp,.webp,1205,907,113.75072479248047,38.84501647949219,126.72699737548828,0.02838229171908668,0.01374738662409018,108.50048065185547,111.9287109375,31.749919891357422,0.2836619811433931,105.47200775146484,0.00043918439797426196,0.0013660464711991106
Image_projet_money/data/images/gp7/gp7_02.webp,gp7,gp7_02.webp,.webp,1205,907,103.15511322021484,42.58314895629883,138.885986328125,0.04314163239350922,0.023911760534707005,98.118408203125,98.73998260498047,32.675350189208984,0.3309231916713021,98.9219970703125,0.0003669019658076647,0.0027266031374235432
Image_projet_money/data/images/gp7/gp7_03.webp,gp7,gp7_03.webp,.webp,1205,907,103.1659164428711,43.20233154296875,148.37201690673828,0.0407974856693216,0.021918046361403012,119.34674835205078,99.01306915283203,32.42287063598633,0.327460515196634,99.56901168823242,0.001065937132583365,0.0029324708239739784
Image_projet_money/data/images/gp7/gp7_04.webp,gp7,gp7_04.webp,.webp,1205,907,105.32176971435547,41.290313720703125,145.7460060119629,0.030165563368361337,0.018144720408807477,74.69792938232422,100.99575805664062,33.495269775390625,0.33165026353488775,103.83999633789062,0.00046297355286453447,0.0007017800692630395
Image_projet_money/data/images/gp7/gp7_05.webp,gp7,gp7_05.webp,.webp,1205,907,101.98409271240234,40.180538177490234,138.74400329589844,0.038887948505629336,0.020157648899522845,113.76019287109375,97.5857162475586,31.857542037963867,0.32645701915172326,97.54800415039062,0.0006377323445584596,0.001574659060236885
Image_projet_money/data/images/gp7/gp7_06.webp,gp7,gp7_06.webp,.webp,1205,907,104.18212127685547,42.773197174072266,148.01559448242188,0.04570262641419664,0.023908100664723885,142.1675262451172,99.54914093017578,32.66790008544922,0.328158533365573,100.97099685668945,0.0006670113044234103,0.0023093779593479943
Image_projet_money/data/images/gp7/gp7_07.webp,gp7,gp7_07.webp,.webp,1205,907,108.03697204589844,39.44591522216797,138.24791717529297,0.0335948615425437,0.018081587651598677,91.0506820678711,103.4510498046875,31.30461883544922,0.30260320117148554,96.86399841308594,0.00035592235585830815,0.0007438685740689062
Image_projet_money/data/images/gp7/gp7_08.webp,gp7,gp7_08.webp,.webp,1205,907,106.61810302734375,40.69548797607422,143.83600616455078,0.02891937763910937,0.015763974984788664,72.99630737304688,102.01242065429688,30.733165740966797,0.3012688606333182,95.67900466918945,0.0005160416676197578,0.0015774039627242241
Image_projet_money/data/images/gp7/gp7_09.webp,gp7,gp7_09.webp,.webp,1205,907,106.58365631103516,39.66627502441406,138.3459930419922,0.02694487778321675,0.015986312086263135,58.244049072265625,103.13860321044922,33.277923583984375,0.32265245551253413,97.97801208496094,0.00037422170577390237,0.0006349874420711204
Image_projet_money/data/images/gp7/gp7_10.webp,gp7,gp7_10.webp,.webp,1205,907,104.01850128173828,42.15142822265625,147.00199508666992,0.03077035688307173,0.016467584989043264,92.63166046142578,100.564208984375,38.316749572753906,0.38101775929751813,111.81399154663086,0.0005032321226788419,0.0010412330101973127
Image_projet_money/data/images/gp7/gp7_11.webp,gp7,gp7_11.webp,.webp,1205,907,104.23823547363281,42.10416030883789,148.94801712036133,0.03197353914002205,0.017815332110326782,95.97283172607422,99.57941436767578,32.70322799682617,0.32841354013266705,98.20999908447266,0.0004968273502083838,0.001212331931908119
Image_projet_money/data/images/gp7/gp7_12.webp,gp7,gp7_12.webp,.webp,1205,907,96.13554382324219,45.92280960083008,154.9740104675293,0.05143398280776076,0.027468239190802747,159.3343963623047,89.0615463256836,34.50349807739258,0.3874118460869621,99.27700424194336,0.00040441563313463287,0.0050963689514929985
Image_projet_money/data/images/gp8/IMG_1136.png,gp8,IMG_1136.png,.png,3024,4032,115.43963623046875,13.485146522521973,41.7969970703125,0.01877801660787772,0.006709059009406232,57.92572784423828,116.59613800048828,12.756839752197266,0.1094104828081342,42.71600341796875,0.0,0.00018469965146552449
Image_projet_money/data/images/gp8/IMG_1137.png,gp8,IMG_1137.png,.png,4032,3024,113.06114196777344,16.961978912353516,53.922996520996094,0.042976869567271356,0.017492008377425042,112.89761352539062,111.311279296875,17.146974563598633,0.15404525643682926,60.611000061035156,0.0,0.0008645288748215335
Image_projet_money/data/images/gp8/IMG_1138.png,gp8,IMG_1138.png,.png,3024,4032,119.18424224853516,19.827138900756836,59.82301330566406,0.01457117858717561,0.004356926991475603,20.911792755126953,123.08677673339844,17.43545150756836,0.14165170272784805,56.11399841308594,0.0,0.00026482911837574536
Image_projet_money/data/images/gp8/IMG_1139.png,gp8,IMG_1139.png,.png,3024,4032,117.0153579711914,16.23050308227539,54.558998107910156,0.00890380264760225,0.0017085537918871251,32.35014343261719,116.95616912841797,17.650110244750977,0.15091217826544182,58.14600372314453,0.0,0.00020421941924918117
Image_projet_money/data/images/gp8/IMG_1140.png,gp8,IMG_1140.png,.png,3024,4032,114.50306701660156,25.182395935058594,79.4640007019043,0.04666257899764844,0.0211665636547829,131.64422607421875,122.9368667602539,15.445618629455566,0.12563862278657983,57.558990478515625,0.0,0.0009004518088099437
Image_projet_money/data/images/gp8/IMG_1141.png,gp8,IMG_1141.png,.png,3024,4032,112.82709503173828,17.10544204711914,55.838653564453125,0.030301814977534224,0.01389282564877803,117.38140106201172,115.95156860351562,5.496521472930908,0.04740359737370776,15.886001586914062,0.0,0.0032776806710338455
Image_projet_money/data/images/gp8/IMG_1142.png,gp8,IMG_1142.png,.png,3024,4032,115.040771484375,19.87078857421875,70.18899536132812,0.015983245149911816,0.008181653255437977,88.91725158691406,114.68084716796875,20.63014030456543,0.1798917675795439,70.89000701904297,0.0,0.002145452123750735
Image_projet_money/data/images/gp8/IMG_1143.png,gp8,IMG_1143.png,.png,3024,4032,112.91339111328125,24.80794906616211,77.82300567626953,0.041190072672587556,0.019243620480599646,133.76095581054688,116.28587341308594,18.528100967407227,0.15933234556865972,57.157005310058594,0.0,0.0016506506151843453
Image_projet_money/data/images/gp8/IMG_1144.png,gp8,IMG_1144.png,.png,3024,4032,113.8779067993164,22.31167984008789,76.68099975585938,0.03179524124464601,0.014494247737675317,105.14320373535156,118.55179595947266,11.002269744873047,0.09280559316565909,29.51599884033203,0.0,0.002037437274292433
Image_projet_money/data/images/gp8/IMG_1145.png,gp8,IMG_1145.png,.png,3024,4032,118.4578628540039,20.155466079711914,64.21300506591797,0.016922572462627027,0.006463831674645167,77.39379119873047,123.04971313476562,17.178874969482422,0.13960922404319542,61.26000213623047,0.0,0.00038088151927437644
